Agent,Time,Method,Resource,Version,Status
node-superagent/3.8.3,2022-05-24T18:18:53.271Z,GET,/,HTTP/1.1,200
node-superagent/3.8.3,2022-05-24T18:18:53.301Z,GET,/,HTTP/1.1,200
node-superagent/3.8.3,2022-05-24T18:18:53.316Z,GET,/,HTTP/1.1,200
node-superagent/3.8.3,2022-05-24T18:18:53.357Z,GET,/,HTTP/1.1,200
node-superagent/3.8.3,2022-05-24T18:18:53.392Z,GET,/,HTTP/1.1,200
node-superagent/3.8.3,2022-05-24T18:18:53.430Z,GET,/,HTTP/1.1,200
node-superagent/3.8.3,2022-05-24T18:18:53.476Z,GET,/,HTTP/1.1,200
node-superagent/3.8.3,2022-05-24T18:18:53.537Z,GET,/,HTTP/1.1,200
node-superagent/3.8.3,2022-05-24T18:18:53.566Z,GET,/logs,HTTP/1.1,200
node-superagent/3.8.3,2022-05-24T18:18:53.634Z,GET,/logs,HTTP/1.1,200